first name 1,lastname1,testing1@swinburne.edu.my,123
first name 2,lastname2,testing2@swinburne.edu.my,123
first name 3,lastname3,testing3@swinburne.edu.my,123
first name 4,lastname4,testing4@swinburne.edu.my,123
first name 5,lastname5,testing5@swinburne.edu.my,123
first name 6,lastname6,testing6@swinburne.edu.my,123
first name 7,lastname7,testing7@swinburne.edu.my,123
first name 8,lastname8,testing8@swinburne.edu.my,123
first name 9,lastname9,testing9@swinburne.edu.my,123
first name 10,lastname10,testing10@swinburne.edu.my,123
first name 11,lastname11,testing11@swinburne.edu.my,123
first name 12,lastname12,testing12@swinburne.edu.my,123
first name 13,lastname13,testing13@swinburne.edu.my,123
first name 14,lastname14,testing14@swinburne.edu.my,123
